MAE,MSE,R2
1.662630049387614,4.932527192860795,0.9244713618919145
1.611339662447258,4.926673615857948,0.9034753660101212
